{
  "name": "完美看看影视",
  "url": "https://www.wanmeikk.film/",
  "tihuan": "cnzz.com",
  "User": "空",
  "shouye": "1",
  "fenlei": "电影$/category/1-#国产剧$/category/5-#综艺$/category/7-#欧美剧$/category/2-#韩剧$/category/3-#动漫$/category/6-#泰剧$/category/9-#纪录片$/category/10-", //列表的分类
  "houzhui": ".html",
  "shifouercijiequ": "0",
  "jiequqian": "class=\"stui-vodlist__box stui-vodlist__bg",
  "jiequhou": "</div>",
  "jiequshuzuqian": "lazyload",
  "jiequshuzuhou": "</span>",
  "tupianqian": "original=\"",
  "tupianhou": "\"",
  "biaotiqian": "title=\"",
  "biaotihou": "\"",
  "lianjieqian": "href=\"",
  "lianjiehou": "\"",
  "sousuoqian": "/index.php/ajax/suggest?mid=1&wd",
  "sousuohou": "&limit=500",
  "sousuohouzhui": "/project/",
  "ssmoshi": "0",
  "sousuoshifouercijiequ": "0",
  "jspic": "pic",
  "jsname": "name",
  "jsid": "id",
  "ssjiequqian": "空",
  "ssjiequhou": "空",
  "ssjiequshuzuqian": "空",
  "ssjiequshuzuhou": "空",
  "sstupianqian": "空",
  "sstupianhou": "空",
  "ssbiaotiqian": "空",
  "ssbiaotihou": "空",
  "sslianjieqian": "空",
  "sslianjiehou": "空",
  "bfshifouercijiequ": "0",
  "bfjiequqian": "空",
  "bfjiequhou": "空",
  "bfjiequshuzuqian": "class=\"stui-pannel_bd col-pd clearfix",
  "bfjiequshuzuhou": "</ul>",
  "zhuangtaiqian": "更新：</span>",
  "zhuangtaihou": "</p>",
  "daoyanqian": "导演：</span>",
  "daoyanhou": "</p>",
  "zhuyanqian": "主演：</span>",
  "zhuyanhou": "</p>",
  "juqingqian": "剧情介绍：</span>",
  "juqinghou":"</p>",
  "bfyshifouercijiequ": "0",
  "bfyjiequqian": "空",
  "bfyjiequhou": "空",
  "bfyjiequshuzuqian": "<a",
  "bfyjiequshuzuhou": "/a>",
  "bfbiaotiqian": ">",
  "bfbiaotihou": "<",
  "bflianjieqian": "href=\"",
  "bflianjiehou": "\""
}